Identifier,Id,stock exchange,Ticker_Symbol,isin,name,sector code,type security
I:FNC,1,,,,,,
I:WIG,2, ISE,WIG,IT0004441603,GRUPPO WASTE ITALIA SPA,47.0,Azioni Ordinarie
I:INNO,3, ISE,INC,IT0005412298,INNOVATEC SPA,74.0,AZIONI ORDINAIRE
I:ENT,4, ISE,ENT,IT0004887409,ENERTRONICA SANTERNO SPA,74.0,Ordianry
I:ECK,5, ISE,ECK,IT0005001943,ECOSUNTEK SPA,74.0,Common
I:ELAB,6, ISE,ELAB,IT0005022097,ENERGY LAB SPA,74.0,Ordinary
I:PLTE,7, ISE,PLTE,IT0005024960,PLT ENERGIA SPA,74.0,Ordinary
I:BRE,8," ISE, OTH",BRE,IT0005252728,FRENI BREMBO SPA,63.0,Azioni Ordinarie
I:IMS,9," ISE, OTH",IMS,IT0001413837,IMMSI SPA,248.0,Azioni Ordinarie
I:PIAG,10, ISE,PIA,IT0003073266,PIAGGIO NC SPA,248.0,Aziohi Ordinarie
I:LRZ,11, ISE,LR,IT0004210289,LANDI RENZO S.P.A.,63.0,Azioni Ordinaire
I:PINF,12, ISE,PINF,IT0003056386,PININFARINA S.P.A.,65.0,Azioni Ordinarie
I:SO,13," ISE, OTH",SO,IT0000076536,SOGEFI SPA,63.0,Azioni Ordinarie
I:FCA,14,,,,,,
I:PC,15,,,IT0004623051,,53.0,
I:PIRC,16,,,,,,
U:RACE,17, ISE,RACE,NL0011585146,FERRARI NV,65.0,Common
I:EMC,18, ISE,EMC,IT0005143547,ENERGICA MOTOR COMPANY SPA,65.0,Azioni Ordinaire
I:CPR,19, ISE,CPR,NL0015435975,DAVIDE CAMPARI MILANO NV,68.0,Azioni Ordinarie
I:IWB,20, ISE,IWB,IT0005075764,ITALIAN WINE BRANDS SPA,68.0,Ordinary
I:MZB,21, ISE,MZB,IT0005042467,MASSIMO ZANETTI BEVERAGE GROUP SPA,114.0,Ordinary
I:MASI,22, ISE,MASI,IT0004125677,MASI AGRICOLA SPA,68.0,Azioni Ordinaire
I:ISG,23, ISE,ISG,IT0001069902,ISAGRO SPA,92.0,AZIONI ORDINAIRE
I:SOL,24, ISE,SOL,IT0001206769,SOL SPA,33.0,Azioni Ordinarie
I:BIOO,25, ISE,ON,IT0005056236,BIO-ON SPA,33.0,Ordinary
I:AST,26, ISE,AST,IT0003261069,ASTALDI,39.0,Azioni Ordinaire
I:PAN,27, ISE,PAN,IT0001467577,PANARIA GROUP INDUSTRIE CERAMICHE SPA,30.0,Azioni Ordinaire
I:CALT,28, ISE,CALT,IT0003127930,CALTAGIRONE SPA,30.0,Azioni Ordinarie
I:BOE,29, ISE,BOE,IT0000066966,BOERO BARTOLOMEO SPA,30.0,Azioni Ordinarie
I:TFI,30, ISE,TFI,IT0005422768,TREVI FINANZIARIA INDUSTRIALE,216.0,Azioni Ordinarie
I:VE,31, ISE,VE,IT0005433732,VISIBILIA EDITORE SPA,84.0,Azioni ordinaire
I:VIN,32, ISE,VIA,IT0003127898,VIANINI SPA,30.0,Azioni Ordinarie
I:RIC,33, ISE,RIC,IT0003690283,GRUPPO CERAMICHE RICCHETTI S.P.A.,30.0,Azioni Ordinaire
I:ITCF,34," FRA, ISE, OTH",IT,IT0001465159,ITALCEMENTI SPA,30.0,Azioni Ordinarie
I:CEM,35, ISE,CEM,NL0013995087,CEMENTIR HOLDING NV,206.0,Azioni Ordinarie
I:BZU,36, ISE,BZU,IT0001347308,BUZZI UNICEM SPA,206.0,Azioni Ordinarie
I:ITM,37, ISE,ITM,IT0005253205,ITALMOBILIARE SPA,113.0,Azioni Ordinarie
I:IPG,38, ISE,WBD,IT0003865570,WEBUILD SPA,39.0,Azioni Ordinarie
I:ARN,39," LON, ISE, OTH",ARN,IT0004720733,ALERION CLEANPOWER SPA,96.0,Azioni Ordinarie
I:FKR,40, ISE,FKR,IT0003198790,FALCK RENEWABLES SPA,96.0,Azioni Ordinaire
I:KRE,41, ISE,SERI,IT0005283640,SERI INDUSTRIAL SPA,101.0,AZIONI ORDINARIE
I:ENEL,42, ISE,ENEL,IT0003128367,ENEL SPA,169.0,Azioni Ordinaire
I:TRN,43, ISE,TRN,IT0003242622,TERNA RETE ELETTRICA NAZIONALE SPA,169.0,Ordinaire
I:ECA,44, ISE,ECA,IT0004370448,ERGYCAPITAL SPA,96.0,Azioni Ordinaire
I:TER,45,,,,,,
I:ACE,46, ISE,ACE,IT0001207098,ACEA SPA,169.0,Azioni Ordinarie
I:A2A,47, ISE,A2A,IT0001233417,A2A SPA,169.0,Azioni Ordinaire
I:EGPW,48," FRA, MAD, ISE",EGPW,IT0004618465,ENEL GREEN POWER SPA,96.0,Ordinary
I:FDE,49, ISE,FDE,IT0004819857,FRENDY ENERGY SPA,96.0,Ordinary
I:IEBA,50, ISE,IB,IT0005037905,INIZIATIVE BRESCIANE INBRE SPA,96.0,Ordinary
I:TEW,51,,,,,,
I:ELIN,52, ISE,ELIN,IT0004745607,ELETTRA INVESTIMENTI SPA,96.0,Azioni Ordinaire
I:SG,53," ISE, OTH",SG,IT0001029492,SAES GETTERS SPA,258.0,Azioni Ordinarie
I:ELN,54, ISE,ELN,IT0005188336,EL.EN SPA,132.0,Azioni Ordinarie
I:DAL,55, ISE,DAL,IT0004053440,DATALOGIC SPA,213.0,Azioni Ordinarie
I:PRI,56, ISE,PRI,IT0003124663,PRIMA INDUSTRIE SPA,214.0,Azioni Ordinaire
I:NICE,57, ISE,NICE,IT0003317945,NICE SPA,57.0,Aziohi Ordinarie
I:PRY,58, ISE,PRY,IT0004176001,PRYSMIAN SPA,258.0,Azioni Ordinaire
I:CMB,59, ISE,CMB,IT0001128047,CEMBRE SPA,258.0,Azioni Ordinarie
I:BE,60, ISE,BE,IT0001223277,BEGHELLI SPA,214.0,Azioni Ordinaire
I:CEC,61, ISE,GE,IT0003203947,GEFRAN,214.0,Azioni Ordinarie
I:IRC,62, ISE,IRC,IT0001077780,IRCE SPA,258.0,Azioni Ordinarie
I:LIT,63, ISE,LIT,IT0004370463,RETI TELEMATICHE ITALIANE SPA,142.0,Azioni Ordinarie
I:TIT,64," BRU, FRA, PAR, ISE, OTH",TIT,IT0003497168,TELECOM ITALIA SPA,142.0,Azioni Ordinarie
I:MARR,65, ISE,MARR,IT0003428445,MARR SPA,88.0,Azioni Ordinaire
I:IVS,66, ISE,IVS,LU0556041001,IVS GROUP SA,88.0,AZIONI ORDINAIRE
I:CLT,67, ISE,CLI,IT0003023980,CENTRALE DEL LATTE D'ITALIA SPA,71.0,Azioni Ordinarie
I:BIE,68, ISE,BIE,IT0005387995,BIOERA SPA,71.0,Aziohi Ordinaire
I:PAT,69, ISE,PLT,IT0003826473,PARMALAT SPA,71.0,Azioni Ordinaire
I:VAL,70, ISE,VLS,IT0001018362,VALSOIA SPA,71.0,Aziohi Ordinarie
I:ENV,71, ISE,ENV,IT0004356751,ENERVIT SPA,71.0,Azioni Ordinary
I:LD,72, ISE,LD,IT0001055521,LA DORIA SPA,71.0,Azioni Ordinaire
I:BF,73, ISE,BF,IT0000074135,SOCIETA PER LA BONIFICA DEI TERRENI FERRARESI E PER IMPRESE AGRICOLE SPA SA,35.0,Azioni Ordinarie
I:BFG,74,,,,,,
I:KI,75, ISE,KI,IT0004967672,KI GROUP HOLDING SPA,71.0,Azioni Ordinaire
I:SRG,76, ISE,SRG,IT0003153415,SNAM SPA,52.0,Azioni Ordinarie
I:IRE,77," LON, ISE, BLN",IRE,IT0003027817,IREN SPA,91.0,Azioni Ordinarie
I:HER,78, ISE,HER,IT0001250932,HERA SPA,91.0,Azioni Ordinary
I:ACS,79," ISE, OTH",ACS,IT0001382024,ACSM-AGAM SPA,91.0,Azioni Ordinaire
I:ASCO,80, ISE,ASC,IT0004093263,ASCOPIAVE SPA,31.0,Azioni Ordinaire
I:EDNR,81," DUS, FRA, ISE, OTH",EDNR,IT0003372205,EDISON SPA,91.0,Azioni Di Risparmio
I:GALA,82, ISE,GALA,IT0004999451,GALA SPA,91.0,Azioni Ordinaire
I:ZIG,83, ISE,ZV,IT0004171440,ZIGNAGO VETRO,70.0,Azioni Ordinaire
I:COF,84, ISE,CIR,IT0000070786,CIR SPA - COMPAGNIE INDUSTRIALI RIUNITE,101.0,Azioni Ordinarie
I:RM,85," ISE, OTH",RM,IT0001178299,RENO DE MEDICI SPA,70.0,Azioni Ordinarie
I:CIR,86, ISE,CIR,IT0000070786,CIR SPA - COMPAGNIE INDUSTRIALI RIUNITE,101.0,Azioni Ordinarie
I:DMA,87, ISE,NTW,IT0004819030,NETWEEK SPA,87.0,Azioni Ordinarie
I:CHL,88, ISE,CHL,IT0001446613,CHL SPA,90.0,AZIONI ORDINAIRE
I:DMN,89, ISE,DMN,IT0004249329,CASA DAMIANI SPA,66.0,Azioni Ordinaire
I:YOOX,90, ISE,YNAP,IT0003540470,YOOX NET-A-PORTER GROUP SPA,66.0,Azioni Ordinaire
I:SB,91, ISE,TWL,IT0005378325,TRAWELL CO SPA,156.0,Azioni Ordinaires
I:GGPR,92, ISE,GGP,IT0004982242,GRUPPO GREEN POWER SPA,156.0,Ordinary
I:MP7I,93,,,IT0005028540,,156.0,
I:BANZ,94,,,,,,
I:AMP,95," ISE, OTH",AMP,IT0004056880,AMPLIFON SPA,103.0,Ordinary
I:CC,96, ISE,CC,IT0000080421,CICCOLELLA SPA,90.0,Azioni Ordinarie
I:EUK,97, ISE,EUK,IT0004818297,EUKEDOS SPA,132.0,Aziohi Ordinarie
I:DIA,98, ISE,DIA,IT0003492391,DIASORIN S.P.A.,132.0,Azioni Ordinaire
I:TBS,99, ISE,TBS,IT0004554116,ITAL TBS SPA,45.0,
I:DLG,100, ISE,DLG,IT0003115950,DE LONGHI SPA,59.0,Ordinary Shares
I:CALE,101, ISE,CLF,IT0003025019,CALEFFI SPA,225.0,Azioni Ordinaire
I:ELIC,102, ISE,ELC,IT0003404214,ELICA SPA,59.0,Azioni Ordinaire
I:BIA,103, ISE,BIA,IT0004222102,BIALETTI INDUSTRIE S.P.A.,225.0,Azion Ordinaire
I:PIQD,104, ISE,PQ,IT0004240443,PIQUADRO S.P.A.,225.0,Azioni Ordinaire
I:ROS,105, ISE,ROS,IT0004297575,ROSSS SPA.,225.0,Ordinary
I:EM,106, ISE,EM,IT0001237053,EMAK SPA,225.0,Azioni Ordinarie
I:ZUC,107, ISE,ZUC,IT0005395071,ZUCCHI,225.0,Azioni Ordinarie
I:FILA,108, ISE,FILA,IT0004967292,FILA FABBRICA ITALIANA LAPIS ED AFFINI SPA,62.0,AZIONI ORDINAIRE
I:MSK,109, ISE,MSK,IT0004894900,MOLESKINE SPA,62.0,Ordinary
I:SII,110," LON, ISE",TTT,IT0004659428,TITANMET SPA,113.0,Azioni Ordinarie
I:BOR,111, ISE,BO,IT0003217368,BORGOSESIA SPA,43.0,Azioni Ordinarie
I:IMA,112, ISE,IMA,IT0001049623,IMA INDUSTRIA MACCHINE AUTOMATICHE SPA,231.0,Azioni Ordinarie
I:BSS,113," ISE, OTH",BSS,IT0003097257,BIESSE SPA,43.0,Azioni Ordinarie
I:FD,114, ISE,FDA,IT0001498481,FIDIA SPA,43.0,Azioni Ordinaire
I:BZI,115, ISE,BLZ,IT0004027279,BOLZONI SPA,117.0,Aziohi Ordinarie
I:SAB,116, ISE,SAB,IT0001042610,SABAF SPA,245.0,Azioni Ordinarie
I:TES,117, ISE,TES,IT0004585243,TESMEC S.P.A,43.0,Azioni Ordinaire
I:CARR,118, ISE,CARR,IT0001046553,CARRARO SPA,117.0,Azioni Ordinarie
I:IP,119, ISE,IP,IT0001078911,INTERPUMP GROUP SPA,43.0,Azioni Ordinaire
I:FCTI,120, ISE,FCT,IT0001415246,FINCANTIERI SPA,229.0,Ordinary
I:CNHI,121, ISE,CNHI,NL0010545661,CNH INDUSTRIAL NV,117.0,Ordinary
I:DAN,122, ISE,DAN,IT0000076502,DANIELI & C. OFFICINE MECCANICHE S.P.A.,231.0,Azioni Ordinarie
I:MBRB,123, ISE,MOLD,IT0005068249,COSTAMP GROUP SPA,63.0,Azioni Ordinaire
I:CLA,124, ISE,CLA,IT0005091324,CLABO SPA,43.0,Azioni Ordinaire
I:LUVE,125, TEL,LUVE,IT0005107492,LUVE SPA,205.0,Azioni Ordinaire
I:IKG,126, ISE,IKG,IT0004552359,INTEK GROUP SPA,54.0,Azioni Ordinarie
I:AUME,127, ISE,AUTME,IT0000084043,AUTOSTRADE MERIDIONALI,64.0,Azioni Ordinaire
I:SIS,128, ISE,SIS,IT0003201198,SIAS,64.0,Azioni Ordinaire
I:SAVE,129, ISE,SAVE,IT0001490736,AEROPORTO DI VENEZIA MARCO POLO - SAVE SPA,64.0,Azioni Ordinaire
I:ANSA,130, ISE,STS,IT0003977540,ANSALDO STS SPA,64.0,Aziohi Ordinaire
I:TYA,131, ISE,TYA,IT0000214293,TOSCANA AEROPORTI SPA,64.0,Azioni Ordinaire
I:ATL,132," FRA, ISE, OTH",ATL,IT0003506190,ATLANTIA SPA,64.0,Azioni Ordinaire
I:PR,133, OTH,PR,IT0003676282,PREMUDA SPA,99.0,Azioni Ordinarie
I:AT,134," LON, ISE, OTH",AT,IT0000084027,ASTM SPA,64.0,Azioni Ordinarie
I:ADB,135, ISE,ADB,IT0001006128,AEROPORTO GUGLIELMO MARCONI DI BOLOGNA SPA,64.0,Azioni Ordinaire
I:DIB,136, ISE,DIB,IT0001469995,DIGITAL BROS SPA,212.0,Azioni Ordinarie
I:BCS,137, ISE,BEC,IT0001268561,B&C SPEAKERS S.P.A.,75.0,Azioni Ordinaire
I:PG,138,,,,,,
I:MTV,139, OTH,MTV,IT0001447785,MONDO TV SPA,115.0,Azioni Ordinarie
I:MCH,140, OTH,CBI,IT0004991490,COSE BELLE D'ITALIA SPA,115.0,Azioni Ordinaire
I:CED,141, ISE,CED,IT0001472171,CALTAGIRONE EDITORE SPA,84.0,Azioni Ordinarie
I:CAI,142, ISE,CAI,IT0004329733,CAIRO COMMUNICATION SPA,41.0,Azioni Ordinarie
I:MON,143, ISE,MON,IT0000066016,MONRIF SPA,84.0,Azioni Ordinarie
I:ILSO,144, ISE,S24,IT0005283111,IL SOLE 24 ORE SPA,84.0,Azioni Di Risp
I:POPR,145, ISE,POPR,IT0004587470,POLIGRAFICI PRINTING SPA,84.0,
I:CLE,146, ISE,CLE,IT0005117848,CLASS EDITORI SPA,84.0,Azioni Ordinarie
I:MN,147," DUS, FRA, ISE",MN,IT0001469383,ARNOLDO MONDADORI EDITORE SPA,84.0,Azioni Ordinarie
I:POL,148," ISE, OTH",POL,IT0000086923,POLIGRAFICI EDITORIALE SPA,84.0,Azioni Ordinarie
I:ES,149, ISE,GEDI,IT0001398541,GEDI GRUPPO EDITORIALE SPA,84.0,Azioni Ordinarie
I:MS,150, ISE,MS,IT0001063210,MEDIASET,246.0,Azioni Ordinaire
I:TBMA,151, ISE,TB,IT0005001554,TRIBOO SPA,41.0,Azioni Ordinaire
I:MTF,152, ISE,MTF,FR0011443266,MONDO TV FRANCE SA,115.0,Azioni Ordinaire
I:RCS,153, ISE,RCS,IT0004931496,RIZZOLI CORRIERE DELLA SERA MEDIAGROUP SPA,84.0,Azioni Ordinaire
I:NPIS,154, ISE,NPI,IT0005025355,NOTORIOUS PICTURES SPA,115.0,AZIONI ORDINAIRE
I:LMGP,155, ISE,LMG,IT0004522162,LUCISANO MEDIA GROUP SPA,115.0,AZIONI ORDINAIRE
I:RWAY,156, ISE,RWAY,IT0005054967,RAI WAY SPA,246.0,Ordinary
I:AXEL,157, ISE,AXEL,IT0005069809,AXELERO SPA,41.0,Azioni Ordinaire
I:CALD,158, ISE,CLG,IT0005083727,CALEIDO GROUP SPA,41.0,Azioni Ordinaire
I:MSU,159, ISE,MSU,CH0274177580,MONDO TV SUISSE SA,115.0,AZIONI ORDINAIRE
I:GIGL,160, ISE,GG,IT0005122400,GIGLIO GROUP SPA,257.0,Azioni Ordinaire
I:DIGI,161, OTH,DGT,IT0005089476,DIGITOUCH SPA,41.0,Azioni Ordinaire
I:GAMB,162, ISE,GAMB,IT0005122392,GAMBERO ROSSO SPA,84.0,Azioni Ordinaire
I:BLUE,163, ISE,BFC,IT0005144768,BFC MEDIA SPA,84.0,Azioni Ordinaire
I:ACO,164, ISE,SOF,IT0001469953,SOFTLAB SPA,142.0,Azioni Ordinarie
I:MOBY,165,,,IT0005090136,,142.0,
I:INW,166, ISE,INW,IT0005090300,INFRASTRUTTURE WIRELESS ITALIANE SPA,142.0,Azioni Ordinaire
I:SARA,167, ISE,SRS,IT0000433307,SARAS,240.0,Aziohi Ordinarie
I:GASP,168, ISE,GSP,IT0004098510,GAS PLUS SPA,97.0,Azioni Ordinaire
I:ENI,169, ISE,ENI,IT0003132476,ENI - ENTE NAZIONALE IDROCARBURI,97.0,Azioni Ordinaire
I:ERG,170, ISE,ERG,IT0001157020,ERG SPA,96.0,Azioni Ordinaire
I:MT,171, ISE,MT,IT0004931058,MAIRE TECNIMONT SPA,216.0,Azioni Ordinaire
I:ROMS,172, CAI,YRM,IT0001017851,ROSETTI MARINO SPA,51.0,Azioni Ordinaire
I:SPM,173," FRA, ISE",SPM,IT0005252140,SAIPEM SPA,51.0,Azioni Ordinarie
I:LUX,174, ISE,LUX,IT0001479374,LUXOTTICA GROUP SPA,69.0,Azioni Ordinarie
I:TOD,175, ISE,TOD,IT0003007728,TOD'S SPA,153.0,Azioni Ordinarie
I:BAN,176, ISE,BAN,IT0001033700,BASICNET SPA,66.0,Azioni Ordinarie
I:GEO,177, ISE,GEO,IT0003697080,GEOX SPA,153.0,Azioni Ordinaire
I:SAFI,178," LON, ISE, OTH, OTC, BLN",SFL,IT0004604762,SAFILO GROUP,69.0,Azioni Ordinaire
I:RAT,179, ISE,RAT,IT0004724107,RATTI SPA,254.0,Azioni Ordinarie
I:AEF,180, ISE,AEF,IT0001384590,AEFFE S.P.A.,69.0,Azioni Ordinaire
F:FED,181, PAR,FED,IT0001210050,GIORGIO FEDON E FIGLI S.P.A.,69.0,Azioni Ordinaire
I:STEF,182," DUS, FRA, LON, ISE, OTH",STEF,IT0004607518,STEFANEL S.P.A.,66.0,Azioni Ordinarie
I:SFER,183, ISE,SFER,IT0004712375,SALVATORE FERRAGAMO SPA,69.0,Azioni Ordinaire
I:CRE,184, ISE,CRE,IT0001054904,GIOVANNI CRESPI SPA,69.0,Azioni Ordinaire
I:BC,185, ISE,BC,IT0004764699,BRUNELLO CUCINELLI SPA,69.0,Ordinary
I:CSP,186, ISE,CSP,IT0001127874,CSP INTERNATIONAL SPA,254.0,Azioni Ordinarie
I:IIG,187, ISE,IIG,IT0004937469,ITALIA INDEPENDENT GROUP SPA,69.0,Ordinary
I:MONC,188, ISE,MONC,IT0004965148,MONCLER SPA,69.0,Azioni Ordinaire
I:OVIE,189, MAD,OVS,IT0005043507,OVS SPA,69.0,Ordinary
I:COV,190, ISE,COV,IT0005105868,COVER 50 SPA,69.0,Azioni Ordinaire
I:PIER,191, ISE,PRL,IT0004007560,PIERREL,95.0,Aziohi Ordinaire
S:NWRN,192," ZHR, BLN",NWRN,IT0004147952,NEWRON PHARMACEUTICALS SPA,157.0,Azioni Ordinaire
I:MLM,193, ISE,MLM,IT0001080248,MOLMED S.P.A.,157.0,Azioni Ordinaire
I:REC,194, ISE,REC,IT0003828271,RECORDATI INDUSTRIA CHIMICA E FARMACEUTICA SPA,95.0,Azioni Ordinarie
I:BIO2,195, ISE,BIO2,IT0005108730,BIODUE SPA,95.0,Azioni Ordinaire
I:REY,196, ISE,REY,IT0005282865,REPLY SPA,151.0,Azioni Ordinarie
I:ENG,197, ISE,ENG,IT0003029441,ENGINEERING INGEGNERIA INFORMATICA SPA,150.0,Azioni Ordinarie
I:BET,198, ISE,BEST,IT0001479523,BE THINK SOLVE EXECUTE SPA,150.0,Azioni Ordinaire
I:CAD,199, ISE,CAD,IT0001489720,CAD IT SPA,58.0,Azioni Ordinaire
I:TIS,200," ISE, OTH",TIS,IT0004513666,TISCALI SPA,142.0,Azioni Ordinaire
I:DA,201, ISE,0N8G,IT0001455473,REGISTER SPA,151.0,Azioni Ordinarie
I:TXT,202, OTH,TXT,IT0001454435,TXT E-SOLUTIONS SPA,58.0,Azioni Ordinarie
I:TAS,203," FRA, LON, ISE",TAS,IT0001424644,TAS TECNOLOGIA AVANZATA DEI SISTEMI SPA,58.0,Azioni Ordinarie
I:FUL,204, ISE,FUL,IT0001487047,FULLSIX SPA,150.0,Azioni Ordinarie
I:AISW,205, ISE,XPR,IT0001477402,EXPRIVIA S.P.A.,150.0,Azioni Ordinarie
I:NOEM,206, ISE,NOE,IT0004014533,NOEMALIFE SPA,58.0,Aziohi Ordinarie
I:BEST,207," FRA, LON, ISE",BEST,IT0004273915,BEST UNION COMPANY SPA,150.0,Azioni Ordinaire
I:NRST,208, ISE,NRST,GRS802003004,NEUROSOFT SOFTWARE PRODUCTION SA,58.0,
I:SES,209, ISE,SES,IT0004729759,SESA SPA,150.0,Azioni Ordinaire
I:YSFT,210, ISE,YSFT,IT0004735327,SOFTEC SPA,58.0,Azioni Ordinaire
I:PRM,211, ISE,PRM,IT0004822695,PRISMI SPA,58.0,Azioni Ordinaire
I:EXSY,212, ISE,EXAI,IT0004496029,EXPERTAI SPA,58.0,Ordinary
I:MCK,213, ISE,MCK,IT0004620099,MC LINK SPA,151.0,Azioni Ordinaire
I:MAIL,214, ISE,GROW,IT0005040354,GROWENS SPA,151.0,Azioni Ordinaire
I:TVAL,215, ISE,TV,IT0005040511,TECH-VALUE SPA,150.0,Azioni Ordinaire
I:GOIT,216, ISE,GO,IT0005038002,GO INTERNET SPA,151.0,Ordinary
I:PITE,217, ISE,PITE,IT0004997984,PITECO SPA,58.0,Ordinary
I:FM,218, ISE,FM,IT0003365613,FIERA MILANO SPA,259.0,Azioni Ordinaire
I:PSF,219, ISE,PSF,IT0001352217,POLIGRAFICA S FAUSTINO SPA,259.0,Azioni Ordinaire
I:BNCM,220, ISE,BCM,IT0004095888,BIANCAMANO SPA,47.0,Azioni Ordinaire
I:SERV,221, ISE,SRI,IT0003814537,SERVIZI ITALIA S.P.A.,259.0,Azioni Ordinaire
I:WMCI,222, LON,WMC,IT0004983182,WM CAPITAL SPA,259.0,AZIONI ORDINAIRE
I:ESCO,223, OTH,ESCO,IT0004980923,ZEPHYRO SPA,86.0,AZIONI ORINAIRE
F:MLAZ,224,,,IT0004812258,,259.0,
I:CDR,225, ISE,CDR,IT0004818636,CDR ADVANCE CAPITAL SPA,259.0,ORDINARY
I:ATH,226, ISE,ATH,IT0001042297,AMBIENTHESIS SPA,47.0,Azioni Ordinaire
I:CERV,227, ISE,CERV,IT0005010423,CERVED GROUP SPA,259.0,ORDINARY
I:B,228," ISE, OTH",B,IT0004412497,BASTOGI S.P.A.,259.0,Azioni Ordinarie
I:BOMI,229, ISE,BOMI,IT0005108748,BOMI ITALIA SPA,86.0,Ordinary
I:OJM,230, ISE,OJM,IT0003683528,OPENJOBMETIS SPA AGENZIA PER IL LAVORO,134.0,Ordinary
I:ITW,231, ISE,ITW,IT0003057624,IT WAY SPA,34.0,Azioni Ordinaire
I:PRT,232, ISE,PRT,IT0003850929,ESPRINET SPA,34.0,Azioni Ordinaire
I:EIT,233, ISE,EIT,IT0003043418,EI TOWERS SPA,126.0,Azioni Ordinaire
I:EURO,234, ISE,ETH,IT0003895668,EUROTECH SPA,34.0,Azioni Ordinaire
I:EEMS,235, ISE,EEMS,IT0001498234,EEMS ITALIA SPA,37.0,Aziohi Ordinarie
I:OLI,236," ISE, OTH",OLI,IT0001350625,OLIDATA SPA,34.0,Azioni Ordinarie
I:JUVE,237," PAR, ISE, OTH",JUVE,IT0000336518,JUVENTUS FC SPA,55.0,Azioni Ordinarie
I:ASR,238," FRA, ISE, OTH",ASR,IT0001008876,A.S. ROMA SPA,115.0,Azioni Ordinarie
I:FNM,239, ISE,FNM,IT0000060886,FNM S.P.A.,94.0,Azioni Ordinarie
I:SSL,240, ISE,SSL,IT0003621783,SOCIETA SPORTIVA LAZIO SPA,55.0,Azioni Ordinarie
I:IGV,241, ISE,IGV,IT0005108219,I GRANDI VIAGGI SPA,94.0,Azioni Ordinarie
I:AGL,242, ISE,AGL,IT0001137345,AUTOGRILL SOCIETA PER AZIONI,72.0,Azioni Ordinaire
I:BLU,243,,,,,,
I:SNA,244, ISE,SNA,IT0000074903,SNAITECH SPA,100.0,Azioni Ordinarie
I:BSTA,245, ISE,BST,IT0003173629,BANCA SISTEMA SPA,102.0,Azioni Ordinaire
I:PST,246, ISE,PST,IT0003796171,POSTE ITALIANE SPA,106.0,AZIONI ORDINARIE
I:CRL,247,,,,,,
I:CNF,248,,,,,,
I:DEA,249, ISE,DEA,IT0001431805,DEA CAPITAL S.P.A.,104.0,Azioni Ordinaire
I:EQUI,250, ISE,EQUI,IT0005312027,EQUITA GROUP SPA,111.0,Ordinary
I:GHC,251,,,,,,
I:GIMA,252,,,,,,
I:GPI,253, ISE,GPI,IT0005221517,GPI SPA,223.0,Ordinary
I:MOL,254, ISE,MOL,IT0004195308,GRUPPO MUTUIONLINE S.P.A.,42.0,Azioni Ordinaire
I:LVEN,255," LON, ISE",LVEN,IT0005013013,LVENTURE GROUP SPA,111.0,Azioni Ordinaire
I:PVN,256,,,,,,
I:TGYM,257, ISE,TGYM,IT0005162406,TECHNOGYM SPA,155.0,Ordinary
I:WIIT,258, ISE,WIIT,IT0005440893,WIIT SPA,150.0,Ordinary
I:ECNL,259,,,,,,
I:GCL,260,,,,,,
I:LFG,261,,,,,,
I:ENAV,262, ISE,ENAV,IT0005176406,ENAV SPA,64.0,Azioni Ordinaire
I:IOL,263, ISE,IOL,IT0005187940,ITALIAONLINE SPA,84.0,Azioni Ordinaire
I:BMED,264," ISE, OTH",BMED,IT0004776628,BANCA MEDIOLANUM SPA,104.0,Azioni Ordinaire
I:FARM,265, ISE,FARM,IT0004674666,H-FARM SPA,104.0,Ordinary
I:ASSI,266, ISE,ASSI,IT0001012639,ASSITECA SPA INTERNAZIONALE DI BROKERAGGIO ASSICURATIVO,108.0,Ordinary
I:EXO,267,,,,,,
I:FPE,268,,,,,,
I:IG,269, ISE,IG,IT0005211237,ITALGAS SPA,31.0,Azioni Ordinaires
I:4AIM,270, ISE,4AIM,IT0005204729,4AIM SOCIETA DI INVESTIMENTO PER AZIONI A CAPITALE FISSO,77.0,AZIONI ORDINAIRE
I:VTY,271, ISE,VTY,IT0005202277,VETRYA SPA,58.0,Azioni Ordinaire
I:SCM,272, ISE,SCM,IT0005200248,SOLUTIONS CAPITAL MANAGEMENT SIM SPA,104.0,Azioni Ordinaire
I:DHH,273, ISE,DHH,IT0005203622,DHH SPA,151.0,Azioni Ordinaire
I:CRES,274, ISE,CRES,IT0005136681,COIMA RES SPA SIIQ,239.0,Azioni Ordinaire
I:SMR,275, OTH,SMR,IT0005176299,SMRE SPA,43.0,Azioni Ordinaire
I:ABT,276,,,,,,
I:SITI,277, PAR,SITI,IT0005171936,SITI B&T GROUP SPA,43.0,Azioni Ordinaire
I:ILLA,278, ISE,ILLA,IT0005316705,ILLA SPA,225.0,Azioni Ordinaire
I:GEL,279, ISE,GEL,IT0005312365,GEL SPA,43.0,Azioni Ordinaire
I:DBA,280,,,LU0274212538,,159.0,
I:GAME,281,,,,,,
I:ALK,282,,,,,,
I:PSA,283,,,,,,
I:NDT,284,,,,,,
I:ABTG,285,,,,,,
I:SIT,286, ISE,SIR,IT0003768261,SIRTI SPA,126.0,Azioni Ordinarie
I:PHN,287,,,,,,
I:CULT,288, ISE,CULT,IT0005257347,CULTI MILANO SPA,62.0,AZIONI ORDINAIRE
I:DOB,289,,,,,,
I:DIG,290, ISE,DIG,IT0005254252,DIGITAL360 SPA,151.0,AZIONI ORDINAIRE
I:FNL,291,,,,,,
I:INDB,292, ISE,INDB,IT0005245508,INDEL B SPA,214.0,AZIONI ORDINAIRE
I:AVIO,293, ISE,AVIO,IT0005119810,AVIO SPA,98.0,Azioni Ordinaire
I:BFF,294, ISE,BFF,IT0005244402,BFF BANK SPA,113.0,Azioni Ordinaire
I:UNIR,295,,,IT0005106155,,127.0,
I:TPS,296, ISE,TPS,IT0005246142,TECHNICAL PUBLICATIONS SERVICE SPA,259.0,Azioni Ordinaire
I:TLS,297, ISE,TLS,IT0005240046,TELESIA SPA,257.0,Ordinary
I:ORS,298, ISE,ORS,IT0005138703,ORSERO SPA,71.0,Azioni Ordinaire
I:HI,299, ISE,HI,IT0005221004,HEALTH ITALIA SPA,223.0,AZIONI ORDINAIRE
I:BAMI,300,,,,,,
I:KIP,301,,,,,,
I:FVI,302, ISE,FVI,IT0005325912,FERVI SPA,85.0,Ordinary
I:SOM,303,,,,,,
I:ICF,304,,,,,,
I:GRAL,305,,,,,,
CELL,306,,,,,,
I:LON,307,,,,,,
I:ESAU,308, ISE,ESAU,IT0005337107,ESAUTOMOTION SPA,43.0,Azioni Ordinaire
I:EVA,309,,,,,,
I:MNL,310,,,,,,
I:POR,311,,,,,,
I:ITD,312,,,,,,
I:SGC,313,,,,,,
I:CFT,314,,,,,,
I:SOS,315,,,,,,
I:VIM,316,,,,,,
I:SCK,317,,,,,,
I:REN,318,,,IT0000088531,REJNA SPA,63.0,Azioni Ordinarie
I:FF,319,,,,,,
I:CIRC,320, ISE,CIRC,IT0005344996,CIRCLE SPA,58.0,Azioni Ordinaire
I:DGV,321,,,,,,
I:EDAC,322,,,,,,
I:PWS,323,,,,,,
I:EDGE,324,,,,,,
I:AED,325,,,,,,
